lat, lon, map_anm_mean, map_se_mean, map_tstat,map_sig, map_sig_val,map_npts,p
65,-167,157.2808,85.6701,1.8359,0,0,3,0.007430724
63,-163,-105.057,85.6701,-1.2263,0,0,3,0.007430724
67,-161,21.9625,37.9735,0.5784,0,0,8,0.016760969
69,-161,10.2215,59.6159,0.1715,0,0,5,0.01067769
67,-157,36.7113,39.9548,0.9188,0,0,10,0.015930173
69,-157,1.5288,59.3881,0.0257,0,0,5,0.010718639
67,-155,52.066,28.7057,1.8138,0,0,21,0.022168504
63,-153,-192,34.0017,-5.6468,-1,-192,1,0.018717779
67,-153,0.946,37.8592,0.025,0,0,13,0.016811549
63,-151,-37.3514,59.7672,-0.6249,0,0,5,0.010650664
65,-151,-6.6422,49.5668,-0.134,0,0,6,0.012841931
67,-151,-29.0208,59.4243,-0.4884,0,0,5,0.010712111
61,-149,-121.0608,85.6701,-1.4131,0,0,3,0.007430724
67,-149,4.5039,52.1426,0.0864,0,0,5,0.01220771
65,-147,-4.6298,85.6701,-0.054,0,0,3,0.007430724
67,-147,46.6614,49.5677,0.9414,0,0,6,0.012841698
69,-147,50.15,59.6497,0.8407,0,0,5,0.01067164
63,-145,26.9396,39.6523,0.6794,0,0,12,0.01605165
65,-145,60.8924,64.5026,0.944,0,0,4,0.009868886
69,-145,125.2086,59.7233,2.0965,1,125.2086,5,0.010658492
67,-143,48.3567,38.3237,1.2618,0,0,11,0.016607878
65,-139,10.8114,64.7156,0.1671,0,0,4,0.009836409
69,-139,65.9687,51.4114,1.2832,0,0,6,0.012381291
59,-135,0,148.385,0,0,0,1,0.004290259
65,-135,10.8823,59.6343,0.1825,0,0,5,0.010674396
53,-133,0,148.385,0,0,0,1,0.004290259
67,-133,97.559,50.4883,1.9323,0,0,6,0.012607605
69,-133,48.3305,30.3409,1.5929,0,0,19,0.020974638
53,-131,0,156.7357,0,0,0,2,0.004061686
55,-131,29,148.385,0.1954,0,0,1,0.004290259
61,-131,-66.4913,85.6701,-0.7761,0,0,3,0.007430724
61,-129,-159.4973,85.6701,-1.8618,0,0,3,0.007430724
63,-129,176.118,62.6552,2.8109,1,176.118,5,0.010159823
65,-129,1.4397,85.6701,0.0168,0,0,3,0.007430724
51,-127,-178.143,309.1621,-0.5762,0,0,1,0.002059171
65,-127,38.7323,36.4059,1.0639,0,0,15,0.017482324
43,-123,-582.9777,79.4124,-7.3411,-1,-582.9777,3,0.008016206
45,-123,-382.0651,52.4125,-7.2896,-1,-382.0651,7,0.012144861
47,-123,567.5,107.3173,5.2881,1,567.5,2,0.005931955
49,-123,31.1847,66.9002,0.4661,0,0,7,0.009515254
59,-123,-85.4285,79.6408,-1.0727,0,0,2,0.007993219
61,-123,171.935,74.6501,2.3032,1,171.935,2,0.00852754
63,-123,-89.714,26.806,-3.3468,-1,-89.714,1,0.023738144
71,-123,54.22,148.385,0.3654,0,0,1,0.004290259
45,-121,108.1427,73.6369,1.4686,0,0,3,0.008644859
49,-121,1220,148.385,8.2219,1,1220,1,0.004290259
51,-121,258.3714,82.8854,3.1172,1,258.3714,5,0.00768035
57,-121,-6.7102,42.9808,-0.1561,0,0,5,0.014809053
59,-121,188.9,51.8112,3.6459,1,188.9,1,0.012285775
33,-119,0,148.385,0,0,0,1,0.004290259
37,-119,-6.3372,34.9535,-0.1813,0,0,16,0.018208367
49,-119,51.429,70.9186,0.7252,0,0,1,0.008976172
55,-119,2.571,16.5945,0.1549,0,0,1,0.038316963
57,-119,33.0928,51.8347,0.6384,0,0,5,0.012280206
63,-119,19.6767,70.5833,0.2788,0,0,3,0.009018807
33,-117,359.665,116.1307,3.0971,1,359.665,3,0.005481789
51,-117,-45.4416,41.3145,-1.0999,0,0,9,0.015406104
53,-117,-78.9793,76.2339,-1.036,0,0,3,0.008350396
39,-115,88,104.924,0.8387,0,0,2,0.006067253
41,-115,47,104.924,0.4479,0,0,2,0.006067253
51,-115,40.7143,73.3357,0.5552,0,0,3,0.008680361
53,-115,-72.143,106.1717,-0.6795,0,0,1,0.005995957
59,-115,147.5333,52.7651,2.796,1,147.5333,3,0.012063723
29,-113,226,148.385,1.5231,0,0,1,0.004290259
31,-113,100,104.924,0.9531,0,0,2,0.006067253
37,-113,149.2547,70.5678,2.1151,1,149.2547,3,0.009020788
45,-113,73,104.924,0.6957,0,0,2,0.006067253
47,-113,142.286,51.3578,2.7705,1,142.286,1,0.01239421
49,-113,27.915,104.924,0.266,0,0,2,0.006067253
55,-113,61.757,45.6845,1.3518,0,0,5,0.013932912
57,-113,4.4035,52.7805,0.0834,0,0,4,0.012060204
35,-111,30.9557,55.3723,0.559,0,0,6,0.01149583
37,-111,21.7143,52.0162,0.4175,0,0,7,0.012237368
39,-111,4.4285,75.7321,0.0585,0,0,2,0.008405719
43,-111,6.6042,43.973,0.1502,0,0,5,0.01447502
45,-111,-68.1121,30.3077,-2.2474,-1,-68.1121,14,0.020997598
47,-111,-23.638,70.0527,-0.3374,0,0,3,0.009087109
63,-111,240.3297,76.7376,3.1318,1,240.3297,3,0.008295591
65,-111,55.9287,58.0294,0.9638,0,0,6,0.010969556
29,-109,-148.3333,85.6701,-1.7314,0,0,3,0.007430724
37,-109,106.1903,70.2416,1.5118,0,0,3,0.009062675
37,-107,-30.5302,49.6189,-0.6153,0,0,6,0.01282845
41,-107,134.255,76.3045,1.7595,0,0,2,0.008342671
45,-107,72.9867,64.6813,1.1284,0,0,4,0.009841624
51,-107,15.8212,52.6937,0.3002,0,0,4,0.012080066
53,-107,-26.24,70.965,-0.3698,0,0,3,0.008970304
61,-107,152.295,78.6062,1.9374,0,0,2,0.008098412
37,-105,7.7855,78.0189,0.0998,0,0,2,0.008159368
39,-105,36.7805,78.1326,0.4707,0,0,2,0.008147496
41,-105,-14.4285,74.781,-0.1929,0,0,2,0.008512615
53,-105,3.6967,70.3922,0.0525,0,0,3,0.009043288
55,-105,-38.968,43.0159,-0.9059,0,0,5,0.014796973
41,-103,-3.6453,54.4218,-0.067,0,0,4,0.011696565
57,-103,-37.7567,50.1276,-0.7532,0,0,3,0.012698301
49,-101,-22.5237,70.0849,-0.3214,0,0,3,0.009082935
55,-101,27.8,74.4964,0.3732,0,0,2,0.008545132
57,-101,-152.2275,53.8919,-2.8247,-1,-152.2275,4,0.011811547
61,-101,258.2987,81.4586,3.1709,1,258.2987,3,0.007814863
63,-101,491.8798,63.2009,7.7828,1,491.8798,4,0.010072114
39,-99,-63.5237,70.9271,-0.8956,0,0,3,0.008975097
47,-99,-29.2716,45.5137,-0.6431,0,0,8,0.013985182
49,-99,-69.2556,36.6105,-1.8917,0,0,10,0.017384672
51,-99,-12.8009,37.2528,-0.3436,0,0,7,0.017085076
53,-99,0.0033,53.8953,0.0001,0,0,4,0.011810802
29,-97,114.96,74.1925,1.5495,0,0,4,0.008580129
31,-97,-15.81,55.4404,-0.2852,0,0,6,0.011481713
45,-97,-54.1813,37.3731,-1.4497,0,0,8,0.017030107
47,-97,-73.966,42.3613,-1.7461,0,0,5,0.015025544
57,-97,28.33,148.385,0.1909,0,0,1,0.004290259
35,-95,-187,148.385,-1.2602,0,0,1,0.004290259
39,-95,-217.465,74.5957,-2.9153,-1,-217.465,2,0.008533758
43,-95,-200.077,53.1825,-3.7621,-1,-200.077,4,0.011969064
45,-95,24,148.385,0.1617,0,0,1,0.004290259
47,-95,-75.1537,18.0926,-4.1538,-1,-75.1537,39,0.035150984
51,-95,90.739,70.9548,1.2788,0,0,3,0.008971594
73,-95,110.6425,49.5255,2.2341,1,110.6425,6,0.012852637
33,-93,0,148.385,0,0,0,1,0.004290259
43,-93,-210.809,25.6259,-8.2264,-1,-210.809,18,0.024830227
45,-93,-67.348,18.1192,-3.7169,-1,-67.348,37,0.035099485
47,-93,-19.0454,21.1234,-0.9016,0,0,30,0.030115645
49,-93,10.6847,42.5238,0.2513,0,0,7,0.014968146
51,-93,254.84,28.45,8.9575,1,254.84,1,0.022367585
37,-91,-131.1118,67.4982,-1.9424,0,0,4,0.009430966
43,-91,-119.5913,71.6116,-1.67,0,0,3,0.00888932
45,-91,12.2561,32.9618,0.3718,0,0,12,0.019307943
47,-91,-58.95,70.0757,-0.8412,0,0,3,0.009084127
49,-91,-11.0173,33.3818,-0.33,0,0,11,0.019065163
51,-91,-39.3732,53.4319,-0.7369,0,0,4,0.01191321
33,-89,-440,148.385,-2.9653,-1,-440,1,0.004290259
37,-89,-173.541,67.9925,-2.5524,-1,-173.541,4,0.009362413
41,-89,37.561,53.5547,0.7014,0,0,4,0.0118859
43,-89,-68.5521,19.9951,-3.4284,-1,-68.5521,28,0.031812284
45,-89,230.905,74.5435,3.0976,1,230.905,2,0.008539733
47,-89,-77.8406,37.2747,-2.0883,-1,-77.8406,8,0.017075043
49,-89,31.5845,41.6947,0.7575,0,0,8,0.015265675
31,-87,-47.5708,53.6032,-0.8875,0,0,4,0.011875148
33,-87,-175.9033,71.5277,-2.4592,-1,-175.9033,3,0.008899745
41,-87,-65.1869,30.7418,-2.1205,-1,-65.1869,13,0.020701305
45,-87,26.8729,36.5925,0.7344,0,0,10,0.017393219
47,-87,-61.5416,36.6978,-1.677,0,0,10,0.017343336
49,-87,-58.52,75.0131,-0.7801,0,0,2,0.008486279
31,-85,-53.847,55.2771,-0.9741,0,0,4,0.011515625
35,-85,-160.0133,51.2056,-3.1249,-1,-160.0133,3,0.01243104
37,-85,-47.3977,53.1032,-0.8926,0,0,7,0.011986934
41,-85,3.5546,37.6746,0.0944,0,0,8,0.016893884
43,-85,41.8189,33.6495,1.2428,0,0,11,0.018913578
45,-85,-65.7317,33.056,-1.9885,0,0,12,0.019252955
47,-85,-133.5104,24.1351,-5.5318,-1,-133.5104,24,0.026362263
49,-85,47.6667,72.083,0.6613,0,0,3,0.008831194
53,-85,-214.6333,54.3067,-3.9522,-1,-214.6333,4,0.01172135
55,-85,-1.0125,56.0741,-0.0181,0,0,4,0.011351984
73,-85,274,148.385,1.8465,0,0,1,0.004290259
31,-83,30.2659,36.8736,0.8208,0,0,10,0.01726069
41,-83,24.3664,29.9723,0.813,0,0,15,0.021232395
43,-83,64.5966,41.0204,1.5747,0,0,9,0.015516516
27,-81,69.9354,33.2856,2.1011,1,69.9354,9,0.01912023
29,-81,-22.0084,42.7233,-0.5151,0,0,7,0.014898277
35,-81,230,148.385,1.55,0,0,1,0.004290259
37,-81,392.2775,64.6448,6.0682,1,392.2775,4,0.00984718
39,-81,22.07,70.8272,0.3116,0,0,3,0.008987754
41,-81,-25.4139,47.9037,-0.5305,0,0,7,0.013287644
43,-81,27.7276,33.6488,0.824,0,0,16,0.018913972
45,-81,-84.4007,28.4229,-2.9695,-1,-84.4007,16,0.022388894
47,-81,-72.2348,27.7545,-2.6026,-1,-72.2348,17,0.022927616
49,-81,-83.2728,33.4204,-2.4917,-1,-83.2728,9,0.019043156
33,-79,-29.6667,73.504,-0.4036,0,0,3,0.008660488
35,-79,149.14,52.54,2.8386,1,149.14,1,0.012115396
37,-79,-33.47,60.7,-0.5514,0,0,5,0.010487021
39,-79,-20.717,45.9407,-0.451,0,0,8,0.013855236
43,-79,-14.5699,32.882,-0.4431,0,0,14,0.019354772
45,-79,-95.1025,21.5268,-4.4179,-1,-95.1025,32,0.029552113
47,-79,-179.0208,28.254,-6.3361,-1,-179.0208,17,0.022522621
49,-79,-153.627,37.5771,-4.0883,-1,-153.627,8,0.016937697
37,-77,-141.6927,55.8449,-2.5373,-1,-141.6927,6,0.011398565
39,-77,-37.7267,70.4315,-0.5357,0,0,3,0.009038243
41,-77,-0.7056,42.5126,-0.0166,0,0,8,0.014972088
43,-77,-81.577,70.3466,-1.1596,0,0,3,0.009049149
45,-77,-52.3053,20.7568,-2.5199,-1,-52.3053,29,0.030646724
47,-77,4.7367,70.1392,0.0675,0,0,3,0.009075904
53,-77,71.3908,56.2243,1.2697,0,0,4,0.011321664
55,-77,-30.9163,30.5837,-1.0109,0,0,12,0.020808243
57,-77,-12.8613,69.9638,-0.1838,0,0,3,0.009098654
41,-75,-105.3121,21.6934,-4.8546,-1,-105.3121,29,0.029325483
43,-75,-151.3298,50.9973,-2.9674,-1,-151.3298,6,0.012481802
45,-75,-153.1451,26.9494,-5.6827,-1,-153.1451,15,0.023611948
47,-75,-154.2272,37.7282,-4.0879,-1,-154.2272,8,0.016869894
49,-75,-119.1643,74.9189,-1.5906,0,0,3,0.008496948
57,-75,-5.6603,41.0803,-0.1378,0,0,9,0.0154939
59,-75,-113.8555,1000.5737,-0.1138,0,0,10,0.000636255
41,-73,-94.6585,38.2841,-2.4725,-1,-94.6585,8,0.016625049
43,-73,-76.7157,27.5713,-2.7825,-1,-76.7157,20,0.023079827
45,-73,-112.7346,17.2666,-6.5291,-1,-112.7346,42,0.036828873
47,-73,-227.2165,22.7684,-9.9795,-1,-227.2165,22,0.027942714
49,-73,-11.4125,53.0935,-0.215,0,0,4,0.011989123
59,-73,-8.857,70.062,-0.1264,0,0,3,0.009085903
41,-71,-45.6292,27.003,-1.6898,0,0,18,0.023565122
43,-71,-64.3133,43.4482,-1.4802,0,0,7,0.014649799
45,-71,-101.6885,18.9641,-5.3622,-1,-101.6885,34,0.03353867
47,-71,-190.2496,15.8247,-12.0223,-1,-190.2496,49,0.040176079
49,-71,-25.6026,43.5898,-0.5874,0,0,5,0.014602226
55,-71,-307.0043,72.4667,-4.2365,-1,-307.0043,3,0.00878444
57,-71,-13,148.385,-0.0876,0,0,1,0.004290259
59,-71,-241,148.385,-1.6242,0,0,1,0.004290259
41,-69,-121.6987,53.1797,-2.2884,-1,-121.6987,3,0.011969694
43,-69,-155.62,43.3868,-3.5868,-1,-155.62,7,0.014670524
45,-69,-116.7242,33.0229,-3.5346,-1,-116.7242,13,0.019272241
47,-69,-52.6569,34.664,-1.5191,0,0,11,0.018360352
55,-69,-36.079,39.0428,-0.9241,0,0,9,0.016302125
61,-69,-109.9136,43.5907,-2.5215,-1,-109.9136,7,0.014601925
71,-69,249.8327,92.4711,2.7017,1,249.8327,4,0.006884259
45,-67,-340.4721,37.8216,-9.0021,-1,-340.4721,8,0.016828254
49,-67,34.5237,72.4828,0.4763,0,0,3,0.008782489
51,-67,56.2992,37.3274,1.5083,0,0,6,0.017050947
53,-67,93.1953,37.0946,2.5124,1,93.1953,3,0.017157905
55,-67,-188.6471,34.4886,-5.4698,-1,-188.6471,12,0.018453676
67,-67,-96.848,53.892,-1.7971,0,0,5,0.011811525
33,-65,0,104.924,0,0,0,2,0.006067253
45,-65,-152.3563,64.4403,-2.3643,-1,-152.3563,4,0.009878425
47,-65,-104.156,43.2528,-2.4081,-1,-104.156,6,0.014715958
49,-65,-0.8565,27.6668,-0.031,0,0,19,0.02300023
53,-65,-680.5,104.924,-6.4856,-1,-680.5,2,0.006067253
55,-65,-73,148.385,-0.492,0,0,1,0.004290259
57,-65,-434.0792,37.447,-11.5918,-1,-434.0792,10,0.016996515
45,-63,-512.6213,53.0567,-9.6618,-1,-512.6213,4,0.011997437
47,-63,-279.536,37.4998,-7.4543,-1,-279.536,8,0.016972595
53,-63,-608.0715,79.4867,-7.65,-1,-608.0715,2,0.008008713
55,-63,-340.8643,32.202,-10.5852,-1,-340.8643,12,0.019763221
57,-63,-317.8638,42.6179,-7.4585,-1,-317.8638,8,0.014935109
59,-63,-224.1676,45.5987,-4.9161,-1,-224.1676,5,0.01395912
-15,-61,218,102.0408,2.1364,1,218,1,0.006238675
-13,-61,65,102.0408,0.637,0,0,1,0.006238675
47,-61,-367.4045,55.3849,-6.6337,-1,-367.4045,4,0.011493216
53,-61,35.9988,52.7711,0.6822,0,0,5,0.012062352
55,-61,-616.5715,74.4271,-8.2842,-1,-616.5715,2,0.008553087
57,-61,-469.3077,80.1839,-5.8529,-1,-469.3077,3,0.007939085
49,-59,-104.8928,53.6156,-1.9564,0,0,5,0.011872402
53,-59,69.7567,34.2789,2.035,1,69.7567,11,0.018566502
49,-57,-50.143,94.8936,-0.5284,0,0,3,0.006708526
51,-57,82.7213,54.86,1.5079,0,0,4,0.011603159
53,-57,-142.7826,31.818,-4.4875,-1,-142.7826,11,0.02000158
55,-57,153.6933,70.3922,2.1834,1,153.6933,3,0.009043288
49,-55,36.9458,50.5595,0.7307,0,0,6,0.012589855
51,-55,32.5033,70.4241,0.4615,0,0,3,0.009039192
47,-53,-72.2592,36.3432,-1.9882,0,0,12,0.01751247
67,-51,139,148.385,0.9368,0,0,1,0.004290259
59,-45,-134.5415,109.0705,-1.2335,0,0,2,0.00583661
61,-45,55.1,1531.8877,0.036,0,0,1,0.000415579
65,-37,216,52.6531,4.1023,1,216,1,0.012089378
71,-27,-9.7,268.7245,-0.0361,0,0,1,0.002369032
71,-25,-103.9315,100.6216,-1.0329,0,0,2,0.006326662
71,-23,-169.5965,76.3352,-2.2217,-1,-169.5965,2,0.008339316
65,-21,67.1533,130.0045,0.5165,0,0,4,0.004896809
65,-19,-1.6305,122.3054,-0.0133,0,0,2,0.005205049
15,-17,346.6,38.1284,9.0903,1,346.6,7,0.016692908
21,-17,310.0667,32.5485,9.5263,1,310.0667,3,0.019552962
17,-15,576.25,24.0004,24.01,1,576.25,4,0.026510048
29,-11,260.4333,18.988,13.7157,1,260.4333,3,0.033496533
53,-11,179.012,148.385,1.2064,0,0,1,0.004290259
53,-9,131.7672,100.2992,1.3137,0,0,4,0.006346997
31,-7,-188.5,17.7699,-10.6078,-1,-188.5,2,0.035787991
43,-7,-0.1502,62.9673,-0.0024,0,0,6,0.010109474
53,-7,-7.081,75.9538,-0.0932,0,0,7,0.008381187
55,-7,30.0967,106.1965,0.2834,0,0,6,0.005994557
59,-7,-73.4105,126.3168,-0.5812,0,0,2,0.005039761
63,-7,-77.5888,112.1421,-0.6919,0,0,5,0.005676752
23,-5,475.5,19.0773,24.9249,1,475.5,2,0.033340025
43,-5,100.7367,126.6671,0.7953,0,0,3,0.005025824
45,-5,97.804,101.8539,0.9602,0,0,2,0.006250122
51,-5,36.0477,146.1438,0.2467,0,0,3,0.004356051
53,-5,110.676,177.3026,0.6242,0,0,2,0.003590545
55,-5,1.323,150.9659,0.0088,0,0,4,0.004216916
57,-5,101.7335,135.1666,0.7527,0,0,4,0.004709804
59,-5,-20.801,196.2722,-0.106,0,0,2,0.003243527
23,-3,361.6667,24.3157,14.8738,1,361.6667,3,0.026166684
31,-3,113.1667,19.6547,5.7577,1,113.1667,3,0.0323623
37,-3,65.2485,82.9478,0.7866,0,0,2,0.007674573
43,-3,-29.712,90.0642,-0.3299,0,0,4,0.00706822
47,-3,14.9615,135.9354,0.1101,0,0,2,0.004683168
49,-3,80.4825,207.3742,0.3881,0,0,2,0.003069884
51,-3,3.0515,103.0838,0.0296,0,0,4,0.006175556
53,-3,-8.9882,71.1522,-0.1263,0,0,6,0.008946707
55,-3,35.5404,80.0661,0.4439,0,0,8,0.007950764
57,-3,-26.8125,118.7882,-0.2257,0,0,4,0.005359158
59,-3,41.6145,68.3801,0.6086,0,0,4,0.009309352
7,-1,509.8,66.305,7.6887,1,509.8,3,0.009600656
39,-1,23.932,82.7265,0.2893,0,0,2,0.007695101
43,-1,67.7274,68.4418,0.9896,0,0,5,0.00930096
47,-1,36.266,64.2013,0.5649,0,0,6,0.009915193
49,-1,69.767,137.3063,0.5081,0,0,2,0.004636412
53,-1,27.6747,101.9297,0.2715,0,0,4,0.006245475
55,-1,27.2915,99.3901,0.2746,0,0,2,0.006405047
61,-1,-22.384,155.1629,-0.1443,0,0,2,0.004102856
15,1,193.5,25.3904,7.621,1,193.5,2,0.025060295
41,1,25.648,84.1435,0.3048,0,0,2,0.007565526
43,1,5.8482,79.0645,0.074,0,0,4,0.008051475
45,1,89.016,94.8111,0.9389,0,0,2,0.006714363
49,1,27.837,77.8507,0.3576,0,0,4,0.008176995
51,1,41.0677,63.3673,0.6481,0,0,6,0.010045669
53,1,-11.8465,97.944,-0.121,0,0,2,0.006499608
43,3,51.6523,90.3096,0.5719,0,0,4,0.007049015
45,3,167.6268,123.8726,1.3532,0,0,7,0.005139199
49,3,35.11,96.8156,0.3626,0,0,3,0.006575357
37,5,327.6,216.9643,1.5099,0,0,1,0.002934194
43,5,159.9682,70.9227,2.2555,1,159.9682,4,0.008975654
45,5,83.5388,77.2938,1.0808,0,0,9,0.008235903
47,5,185.25,153.4957,1.2069,0,0,2,0.004147418
49,5,82.0192,95.1158,0.8623,0,0,4,0.006692856
51,5,31.7917,61.3402,0.5183,0,0,8,0.010377589
53,5,65.9933,75.4296,0.8749,0,0,4,0.008439425
59,5,185.104,217.3292,0.8517,0,0,2,0.002929267
61,5,146.5112,123.9559,1.182,0,0,4,0.005135746
45,7,-11.9521,48.0576,-0.2487,0,0,14,0.013245104
47,7,83.0248,64.5674,1.2859,0,0,10,0.009858983
49,7,195.116,153.0277,1.275,0,0,2,0.004160101
51,7,206.9,176.4286,1.1727,0,0,1,0.003608332
53,7,-14.2975,87.3772,-0.1636,0,0,4,0.007285562
59,7,-309.636,148.385,-2.0867,-1,-309.636,1,0.004290259
63,7,-98.1845,152.1584,-0.6453,0,0,2,0.004183868
5,9,238.3667,219.9476,1.0837,0,0,3,0.002894396
43,9,18.0965,172.6358,0.1048,0,0,2,0.003687605
45,9,57.732,85.734,0.6734,0,0,4,0.007425186
47,9,95.8653,67.6985,1.4161,0,0,15,0.009403066
49,9,63.1715,144.2318,0.438,0,0,2,0.004413795
51,9,115.9,338.8776,0.342,0,0,1,0.001878607
53,9,91.9655,78.3211,1.1742,0,0,4,0.008127889
55,9,60.2882,90.4674,0.6664,0,0,4,0.007036721
57,9,82.7993,84.6149,0.9785,0,0,3,0.007523381
59,9,1.191,96.624,0.0123,0,0,2,0.006588395
61,9,-166.6873,103.0042,-1.6183,0,0,4,0.006180328
63,9,-103.928,148.385,-0.7004,0,0,1,0.004290259
-5,11,513.7,18.2175,28.1981,1,513.7,3,0.034910471
3,11,-792.2333,262.1167,-3.0224,-1,-792.2333,3,0.002428753
13,11,527.9889,33.3148,15.8485,1,527.9889,9,0.019103482
17,11,420,29.0441,14.4607,1,420,2,0.021910419
25,11,409.4,42.6111,9.6078,1,409.4,6,0.014937491
45,11,113.945,161.5404,0.7054,0,0,2,0.003940882
47,11,-74.669,170.1063,-0.439,0,0,2,0.003742439
49,11,61.2225,139.0387,0.4403,0,0,2,0.004578645
51,11,22.5002,81.1078,0.2774,0,0,6,0.00784866
53,11,82.8422,61.5282,1.3464,0,0,6,0.010345886
55,11,105.7442,77.6129,1.3625,0,0,4,0.008202046
59,11,87.2322,61.3449,1.422,0,0,6,0.010376794
63,11,-200.792,91.3645,-2.1977,-1,-200.792,3,0.006967634
65,11,-76.593,97.8586,-0.7827,0,0,3,0.00650528
-5,13,343.9333,76.1238,4.5181,1,343.9333,3,0.008362472
13,13,198.9,48.0384,4.1404,1,198.9,3,0.013250396
19,13,407.1555,16.1204,25.2572,1,407.1555,9,0.039441022
43,13,190.7982,88.0996,2.1657,1,190.7982,5,0.007225827
45,13,222.7555,162.5837,1.3701,0,0,2,0.003915594
47,13,114.5666,94.5881,1.2112,0,0,7,0.006730192
49,13,107.162,142.1046,0.7541,0,0,2,0.004479864
55,13,89.4112,71.4546,1.2513,0,0,5,0.008908849
57,13,190.65,91.6204,2.0809,1,190.65,3,0.006948174
59,13,164.5836,66.9362,2.4588,1,164.5836,5,0.009510137
61,13,17.8185,120.6089,0.1477,0,0,2,0.00527826
63,13,-207.705,85.6797,-2.4242,-1,-207.705,4,0.007429891
69,13,31.0565,187.7082,0.1655,0,0,2,0.003391507
-5,15,187.1667,106.9749,1.7496,0,0,3,0.00595094
-3,15,31.6333,77.9492,0.4058,0,0,3,0.008166663
41,15,178,228.3929,0.7794,0,0,1,0.002787371
45,15,259.979,174.9196,1.4863,0,0,2,0.00363946
47,15,372.6,333.3673,1.1177,0,0,1,0.001909659
49,15,54.2311,95.6787,0.5668,0,0,7,0.006653483
55,15,-7.13,94.3212,-0.0756,0,0,3,0.006749235
57,15,83.5625,52.2164,1.6003,0,0,10,0.01219046
59,15,61.5303,81.8545,0.7517,0,0,4,0.007777069
63,15,-143.0589,42.3813,-3.3755,-1,-143.0589,10,0.015018456
65,15,-137.469,89.9196,-1.5288,0,0,2,0.007079586
79,15,-56.717,148.385,-0.3822,0,0,1,0.004290259
-23,17,217.4,34.0486,6.385,1,217.4,3,0.018692011
1,17,-59.5,13.408,-4.4376,-1,-59.5,2,0.047392847
3,17,20,33.7529,0.5925,0,0,2,0.018855672
13,17,601.5,43.3983,13.86,1,601.5,2,0.014666638
21,17,459.12,20.0211,22.9319,1,459.12,5,0.03177104
23,17,552.6667,39.7482,13.9042,1,552.6667,3,0.016012939
43,17,266.6357,93.7653,2.8436,1,266.6357,4,0.006789245
47,17,158.1875,106.261,1.4887,0,0,2,0.005990918
49,17,18.2935,89.1061,0.2053,0,0,2,0.007144214
53,17,76.9984,55.3561,1.391,0,0,7,0.011499194
55,17,116.4895,86.1588,1.352,0,0,4,0.00738858
57,17,61.3005,113.3932,0.5406,0,0,2,0.005614122
59,17,20.4815,118.8868,0.1723,0,0,2,0.005354714
63,17,3.2937,73.633,0.0447,0,0,4,0.008645317
69,17,106.6793,138.0519,0.7727,0,0,3,0.004611372
-35,19,-105.8333,28.9947,-3.6501,-1,-105.8333,3,0.021947719
-33,19,349.9667,30.0251,11.6558,1,349.9667,3,0.021195085
23,19,185.3,115.1344,1.6094,0,0,3,0.005529223
47,19,59.408,127.341,0.4665,0,0,2,0.004999228
49,19,25.1132,79.1668,0.3172,0,0,5,0.008041072
51,19,16.0008,77.2831,0.207,0,0,4,0.008237043
53,19,5.0755,68.3386,0.0743,0,0,4,0.009315004
55,19,100.87,108.6691,0.9282,0,0,2,0.005858168
57,19,62.034,108.2597,0.573,0,0,2,0.00588032
63,19,-17.1242,76.9149,-0.2226,0,0,4,0.008276471
69,19,108.8063,69.3335,1.5693,0,0,4,0.009181357
75,19,950.58,148.385,6.4062,1,950.58,1,0.004290259
81,19,3.628,148.385,0.0244,0,0,1,0.004290259
39,21,281.5333,199.7777,1.4092,0,0,3,0.003186614
41,21,169.3455,95.2733,1.7775,0,0,4,0.006681792
45,21,162.71,220.1849,0.739,0,0,2,0.002891276
49,21,160.555,69.1224,2.3228,1,160.555,6,0.009209393
51,21,68.0343,93.397,0.7284,0,0,3,0.006816016
53,21,108.9486,63.5266,1.715,0,0,5,0.010020483
57,21,42.743,122.5489,0.3488,0,0,2,0.005194707
67,21,48.547,92.1962,0.5266,0,0,2,0.006904784
69,21,0.6837,85.6701,0.008,0,0,3,0.007430724
-33,23,32.0333,40.8515,0.7841,0,0,3,0.015580644
-27,23,46.5,33.4271,1.3911,0,0,2,0.019039341
39,23,148.3667,74.4048,1.994,0,0,3,0.00855565
43,23,212.4663,162.6543,1.3062,0,0,3,0.003913894
45,23,191.605,197.3472,0.9709,0,0,2,0.003225859
47,23,-157.7565,234.8705,-0.6717,0,0,2,0.002710498
49,23,68.3443,102.2312,0.6685,0,0,3,0.006227057
51,23,117.1453,63.7267,1.8382,0,0,6,0.009989024
53,23,114.4135,105.6962,1.0825,0,0,2,0.00602293
55,23,130.7225,121.4756,1.0761,0,0,2,0.005240603
59,23,118.679,67.759,1.7515,0,0,5,0.009394672
61,23,52.4337,90.9284,0.5766,0,0,3,0.007001048
63,23,-35.4274,64.6767,-0.5478,0,0,5,0.009842324
69,23,44.9273,74.8479,0.6002,0,0,3,0.008505007
-31,25,-73.6667,18.2597,-4.0344,-1,-73.6667,3,0.034829951
-27,25,446.5,26.1853,17.0516,1,446.5,2,0.024300297
41,25,207.4135,99.9608,2.0749,1,207.4135,2,0.006368482
43,25,183.023,160.3218,1.1416,0,0,3,0.003970836
47,25,-10.4185,136.1452,-0.0765,0,0,4,0.004675951
49,25,122.4748,75.6354,1.6193,0,0,5,0.008416465
51,25,141.9443,49.1375,2.8887,1,141.9443,11,0.012954096
53,25,-54.4,178.648,-0.3045,0,0,1,0.003563505
55,25,96.2695,108.0369,0.8911,0,0,2,0.005892446
59,25,112.8736,35.9465,3.14,1,112.8736,18,0.017705635
61,25,135.3882,42.1315,3.2135,1,135.3882,12,0.015107467
67,25,3.1324,53.7497,0.0583,0,0,8,0.011842789
-11,27,412.3,291.25,1.4156,0,0,1,0.00218581
19,27,604.7667,76.897,7.8646,1,604.7667,6,0.008278397
43,27,188.796,85.6701,2.2038,1,188.796,3,0.007430724
45,27,147.2643,119.1188,1.2363,0,0,3,0.005344285
51,27,79.3,119.0253,0.6662,0,0,2,0.005348483
53,27,-3.1,117.7476,-0.0263,0,0,2,0.005406518
55,27,104.6,169.6429,0.6166,0,0,1,0.003752662
57,27,93.1683,57.1596,1.63,0,0,9,0.011136447
59,27,128.5608,34.6668,3.7085,1,128.5608,17,0.01835887
61,27,-35.333,71.7142,-0.4927,0,0,4,0.008876603
63,27,-25.5046,43.9813,-0.5799,0,0,9,0.014472289
65,27,44.797,80.9356,0.5535,0,0,3,0.007865357
69,27,-2.1446,60.4097,-0.0355,0,0,5,0.010537408
-29,29,-169.3667,56.4103,-3.0024,-1,-169.3667,3,0.011284342
-25,29,67.1364,20.8411,3.2213,1,67.1364,11,0.030522952
-5,29,166.3835,25.7029,6.4733,1,166.3835,15,0.024755917
-3,29,84.6506,21.4215,3.9517,1,84.6506,52,0.02969717
-1,29,261.5,125.7275,2.0799,1,261.5,3,0.005063382
1,29,-226.55,202.6024,-1.1182,0,0,2,0.003142187
21,29,177.1667,27.4198,6.4613,1,177.1667,3,0.023207235
37,29,112.581,148.385,0.7587,0,0,1,0.004290259
43,29,252.9483,78.3201,3.2297,1,252.9483,3,0.008127992
49,29,-32.049,107.4266,-0.2983,0,0,2,0.00592592
51,29,82.6667,93.5101,0.884,0,0,3,0.006807773
53,29,145.75,123.0594,1.1844,0,0,2,0.005173158
55,29,172.45,133.1355,1.2953,0,0,2,0.004781653
57,29,104.4623,92.1101,1.1341,0,0,3,0.006911237
59,29,110.4,155.2041,0.7113,0,0,1,0.004101766
61,29,-61.475,53.1175,-1.1573,0,0,6,0.011983707
65,29,3.7173,89.7021,0.0414,0,0,3,0.00709675
67,29,81.0363,64.2334,1.2616,0,0,4,0.009910239
69,29,-21.4463,85.0575,-0.2521,0,0,3,0.007484236
71,29,19.2936,68.7708,0.2805,0,0,5,0.009256471
-23,31,-33.7,59.3607,-0.5677,0,0,3,0.010723586
-9,31,120.5528,50.8337,2.3715,1,120.5528,5,0.012521962
-3,31,141.9771,44.2944,3.2053,1,141.9771,10,0.014370025
1,31,378.8022,28.0699,13.495,1,378.8022,4,0.022670214
37,31,-109.248,148.385,-0.7362,0,0,1,0.004290259
49,31,56.307,81.4929,0.6909,0,0,3,0.007811574
55,31,111.2895,79.9635,1.3918,0,0,4,0.007960965
57,31,87.1,167.7296,0.5193,0,0,1,0.003795467
59,31,72.6316,71.3941,1.0173,0,0,5,0.008916397
61,31,87.1647,48.5977,1.7936,0,0,9,0.013097944
63,31,54.253,134.1131,0.4045,0,0,2,0.004746799
65,31,47.2325,56.6448,0.8338,0,0,6,0.011237636
67,31,71.2,77.6188,0.9173,0,0,3,0.008201422
71,31,36.3963,77.751,0.4681,0,0,3,0.008187479
-29,33,62.6,48.7262,1.2847,0,0,3,0.013063412
-9,33,-76.0742,27.083,-2.8089,-1,-76.0742,8,0.023495576
1,33,51,72.5255,0.7032,0,0,1,0.008777319
47,33,155,82.7806,1.8724,0,0,1,0.007690072
57,33,194.7,117.8571,1.652,0,0,1,0.005401495
61,33,210.9909,61.017,3.4579,1,210.9909,7,0.010432548
63,33,85.7333,96.2527,0.8907,0,0,3,0.006613808
65,33,73.26,68.3674,1.0716,0,0,5,0.009311081
1,35,-210.5883,21.402,-9.8396,-1,-210.5883,20,0.029724189
51,35,33.6,54.5278,0.6162,0,0,4,0.011673833
53,35,44.6423,85.7838,0.5204,0,0,3,0.007420876
57,35,99.7297,55.6645,1.7916,0,0,6,0.011435498
61,35,89.493,65.0457,1.3758,0,0,5,0.009786498
63,35,77.3807,60.0935,1.2877,0,0,6,0.010592843
69,35,44.55,106.5399,0.4182,0,0,2,0.005975236
-1,37,-526.3435,37.4308,-14.0618,-1,-526.3435,6,0.017003868
1,37,8.247,23.422,0.3521,0,0,10,0.027163922
35,37,204.353,148.385,1.3772,0,0,1,0.004290259
49,37,104.4,124.1837,0.8407,0,0,1,0.005126325
57,37,138.7472,67.5006,2.0555,1,138.7472,5,0.00943063
61,37,97.7,156.6837,0.6235,0,0,1,0.004063034
63,37,70.875,71.3481,0.9934,0,0,4,0.008922145
7,39,-292.7241,16.483,-17.7592,-1,-292.7241,14,0.038575528
53,39,10.4,145.6122,0.0714,0,0,1,0.004371953
57,39,118.7436,46.3866,2.5599,1,118.7436,9,0.013722092
61,39,40.75,147.4821,0.2763,0,0,2,0.004316524
43,41,104.0941,26.9506,3.8624,1,104.0941,34,0.023610897
57,41,79.2167,61.7553,1.2828,0,0,6,0.010307846
41,43,351.25,31.8528,11.0273,1,351.25,20,0.019979743
43,43,159.75,61.3337,2.6046,1,159.75,4,0.010378689
63,43,56.294,81.5414,0.6904,0,0,3,0.007806928
65,43,72.1,81.5306,0.8843,0,0,1,0.007807962
41,45,-1.8231,31.8185,-0.0573,0,0,13,0.020001266
-19,47,-374.8,56.9548,-6.5807,-1,-374.8,9,0.011176483
35,47,108.0115,83.6611,1.2911,0,0,2,0.007609145
41,47,-80,246.4286,-0.3246,0,0,1,0.00258337
47,47,74.2,53.852,1.3779,0,0,1,0.011820297
-19,49,-231.7667,99.3993,-2.3317,-1,-231.7667,3,0.006404455
55,49,-45.7423,81.174,-0.5635,0,0,3,0.007842259
67,53,66.3953,68.6719,0.9668,0,0,3,0.0092698
57,57,100.9565,73.6126,1.3715,0,0,4,0.008647713
55,59,223.7952,105.3048,2.1252,1,223.7952,4,0.006045315
47,61,-4.7917,54.4927,-0.0879,0,0,3,0.01168135
57,61,62.314,55.2541,1.1278,0,0,4,0.011520417
55,63,119.3,93.5969,1.2746,0,0,1,0.00680146
63,65,58.9044,55.0885,1.0693,0,0,5,0.011555041
65,65,89.4647,72.3866,1.2359,0,0,3,0.008794159
67,67,66.9,167.4235,0.3996,0,0,1,0.003802406
69,67,214.7,92.0408,2.3327,1,214.7,1,0.006916441
71,67,128.6,115.7653,1.1109,0,0,1,0.005499091
59,69,21.3217,61.7917,0.3451,0,0,6,0.010301775
61,69,50.2,133.699,0.3755,0,0,1,0.004761501
67,69,-10.2917,82.2717,-0.1251,0,0,3,0.007737635
53,71,65.4,105.3038,0.6211,0,0,2,0.006045372
67,71,34.55,108.3472,0.3189,0,0,2,0.005875571
69,71,187.375,43.2746,4.3299,1,187.375,4,0.014708547
61,73,67.517,57.3289,1.1777,0,0,5,0.011103566
41,75,89.2,51.698,1.7254,0,0,2,0.01231267
49,75,132.8,51.1384,2.5969,1,132.8,2,0.012447371
55,77,226.2,76.8189,2.9446,1,226.2,2,0.008286812
59,77,784.75,104.0184,7.5443,1,784.75,2,0.006120073
61,77,95.1167,56.9532,1.6701,0,0,6,0.011176797
33,79,369.2,36.9388,9.9949,1,369.2,1,0.017230238
37,79,440.1,329.2857,1.3365,0,0,1,0.00193333
57,79,330.5,168.1815,1.9651,0,0,2,0.003785269
61,79,71.7167,40.3986,1.7752,0,0,6,0.015755244
65,79,354.2,143.7113,2.4647,1,354.2,2,0.00442978
67,79,19.3,76.8138,0.2513,0,0,2,0.008287363
33,81,314.6,96.5306,3.2591,1,314.6,1,0.006594769
35,81,132.4,154.9235,0.8546,0,0,1,0.004109195
37,81,-125.7,82.1429,-1.5303,0,0,1,0.007749767
51,81,104.65,50.689,2.0646,1,104.65,2,0.012557699
55,81,122.7667,45.0363,2.726,1,122.7667,6,0.014133381
43,83,92.5,128.6225,0.7192,0,0,1,0.004949421
45,83,107.8,132.551,0.8133,0,0,1,0.004802738
55,83,76.5,122.847,0.6227,0,0,2,0.005182102
57,83,77.95,102.0102,0.7641,0,0,2,0.006240546
59,83,269.25,289.1739,0.9311,0,0,2,0.002201503
71,83,140.8,58.422,2.41,1,140.8,2,0.010895854
29,85,405.2,263.2143,1.5394,0,0,1,0.002418625
31,85,122.15,78.0768,1.5645,0,0,2,0.008153318
45,85,1005.5,991.9898,1.0136,0,0,1,0.00064176
57,85,113.475,69.123,1.6416,0,0,4,0.009209313
59,85,-49.05,69.1666,-0.7092,0,0,6,0.009203509
69,85,204.55,70.4041,2.9054,1,204.55,2,0.00904176
43,87,88.1,55.2947,1.5933,0,0,2,0.01151196
47,87,73.3,185.6633,0.3948,0,0,1,0.003428861
49,87,85.6,96.0513,0.8912,0,0,2,0.006627675
61,87,106.5,57.1043,1.865,0,0,6,0.011147229
67,87,72.3,83.8144,0.8626,0,0,2,0.007595229
69,87,62.35,53.1217,1.1737,0,0,4,0.01198276
31,89,56.8,81.8878,0.6936,0,0,1,0.007773907
37,89,474,269.4898,1.7589,0,0,1,0.002362304
49,89,129.1222,26.566,4.8604,1,129.1222,9,0.023952396
57,89,84.5,79.8421,1.0583,0,0,2,0.007973068
61,89,102.65,97.4728,1.0531,0,0,2,0.006531026
41,91,293.3,154.2092,1.902,0,0,1,0.004128229
49,91,123.95,32.9221,3.7649,1,123.95,4,0.019331212
61,91,51.35,135.4416,0.3791,0,0,4,0.004700241
35,93,231.2,95.4592,2.422,1,231.2,1,0.006668781
59,93,29.85,42.9785,0.6945,0,0,2,0.014809845
51,95,-5.8,71.3294,-0.0813,0,0,2,0.008924484
39,97,906.7,405.5612,2.2357,1,906.7,1,0.001569722
27,99,325.5,113.4694,2.8686,1,325.5,1,0.005610352
37,99,336.5,36.301,9.2697,1,336.5,1,0.017532818
49,99,34.6889,27.106,1.2797,0,0,9,0.023475658
51,99,47,60.2881,0.7796,0,0,2,0.010558657
53,99,0,148.385,0,0,0,1,0.004290259
71,99,80.8,84.2345,0.9592,0,0,2,0.007557353
23,101,67.8,142.8827,0.4745,0,0,1,0.004455469
25,101,313.8,297.2194,1.0558,0,0,1,0.002141911
27,101,182.6,0,0,0,0,1,0
33,101,248.95,80.1632,3.1055,1,248.95,2,0.007941134
47,101,-58.15,50.1315,-1.1599,0,0,2,0.012697313
51,101,54.4,90.1128,0.6037,0,0,2,0.007064409
27,103,-202.3,18.1633,-11.1378,-1,-202.3,1,0.035014436
33,103,79.75,125.9492,0.6332,0,0,2,0.00505447
49,103,102.475,67.9075,1.509,0,0,4,0.00937413
61,103,542.3,315.5616,1.7185,0,0,2,0.002017412
35,105,453.9,318.4505,1.4253,0,0,2,0.00199911
35,107,543.9,535.6888,1.0153,0,0,1,0.001188412
39,107,120,81.9898,1.4636,0,0,1,0.007764237
51,107,92.95,47.8538,1.9424,0,0,4,0.013301496
25,109,166.9,190.9949,0.8738,0,0,1,0.003333146
35,109,-61.8167,55.6638,-1.1105,0,0,6,0.011435642
37,109,375.3,218.699,1.7161,0,0,2,0.00291092
39,109,193.6,587.1938,0.3297,0,0,1,0.001084172
53,109,212.45,57.1188,3.7194,1,212.45,4,0.0111444
21,111,528.95,208.6308,2.5353,1,528.95,2,0.003051395
25,111,916.9,419.7704,2.1843,1,916.9,1,0.001516588
31,111,464.9,283.7245,1.6386,0,0,1,0.002243786
41,111,371.7,70.5102,5.2716,1,371.7,1,0.009028156
53,111,37.4,99.7457,0.375,0,0,2,0.006382214
55,111,166.25,45.9468,3.6183,1,166.25,2,0.013853397
21,113,-11.4,93.4184,-0.122,0,0,1,0.006814455
23,113,93.8,73.0536,1.284,0,0,3,0.008713876
31,113,319.45,91.0365,3.509,1,319.45,2,0.006992736
41,113,187.6384,41.7437,4.495,1,187.6384,13,0.015247763
41,115,90.8,84.4478,1.0752,0,0,3,0.007538266
23,117,277.8333,117.2336,2.3699,1,277.8333,3,0.005430221
39,117,2766.6003,1124.5527,2.4602,1,2766.6003,3,0.000566109
43,117,167.2,107.5398,1.5548,0,0,2,0.005919682
49,117,455.6,207.0408,2.2005,1,455.6,1,0.003074828
31,119,-29.8,55.1569,-0.5403,0,0,3,0.011540714
33,119,172.5333,79.686,2.1652,1,172.5333,3,0.007988685
39,119,136.6667,78.9543,1.731,0,0,3,0.008062711
41,119,-320.2,67.1684,-4.7671,-1,-320.2,1,0.009477265
49,119,-130.1,34.949,-3.7226,-1,-130.1,1,0.018210711
23,121,128.6667,76.7472,1.6765,0,0,3,0.008294553
31,121,159.3429,43.7547,3.6417,1,159.3429,7,0.014547214
37,121,3150.3501,396.7791,7.9398,1,3150.3501,2,0.001604466
39,121,556.6,587.9847,0.9466,0,0,1,0.001082714
63,121,161.8,65.3617,2.4755,1,161.8,2,0.009739191
65,121,766.85,41.4744,18.4897,1,766.85,2,0.015346731
45,123,64.4,93.4118,0.6894,0,0,3,0.006814936
47,123,77.1,206.0204,0.3742,0,0,1,0.003090057
63,123,114.35,76.8381,1.4882,0,0,2,0.008284742
43,125,236.8,128.021,1.8497,0,0,3,0.004972675
57,125,381.5,184.7638,2.0648,1,381.5,2,0.003445553
43,127,-244.3,13.2908,-18.3811,-1,-244.3,1,0.047809201
49,129,13.3,67.7041,0.1964,0,0,1,0.009402289
61,129,135.05,55.2609,2.4439,1,135.05,4,0.011519
63,129,79.15,72.4315,1.0928,0,0,2,0.008788708
59,131,64.65,69.0175,0.9367,0,0,2,0.009223389
47,133,243.5,189.0561,1.288,0,0,1,0.003367328
49,133,303.1,84.8725,3.5712,1,303.1,1,0.007500549
35,135,3,104.924,0.0286,0,0,2,0.006067253
49,135,-292.1,26.8112,-10.8947,-1,-292.1,1,0.023733545
71,137,146.5,60.2436,2.4318,1,146.5,2,0.010566455
65,141,120.35,53.1779,2.2632,1,120.35,2,0.011970099
69,149,42.95,52.4788,0.8184,0,0,2,0.012129522
71,157,938.3,118.4435,7.9219,1,938.3,2,0.005374754